{"0.1-0.3-0.7": {"time": [24.48723840713501, 22.09040093421936, 24.526251316070557, 23.873344659805298, 22.812719106674194, 16.69510316848755, 15.207966804504395, 16.940940856933594, 16.508739948272705, 16.658740758895874, 25.758872032165527, 24.717166662216187, 25.590039491653442, 23.10029697418213, 25.70760703086853, 26.682218551635742, 25.491876363754272, 23.898228883743286, 23.54794669151306, 21.533427476882935, 20.689954042434692, 21.009820699691772, 23.40577006340027, 24.240535020828247, 26.309288024902344, 24.39974570274353, 24.440645456314087, 23.54701256752014, 23.48102331161499, 24.78511071205139, 21.530596494674683, 19.98810338973999, 20.40221929550171, 19.952434062957764, 21.934395790100098, 24.445026397705078, 24.64836812019348, 23.371695518493652, 25.157657861709595, 25.00488805770874], "accuracy": [0.1899, 0.3261, 0.4104, 0.4806, 0.5063, 0.5252, 0.4913, 0.5161, 0.5393, 0.5307, 0.5334, 0.5458, 0.5534, 0.5541, 0.5218, 0.5247, 0.5345, 0.5547, 0.531, 0.5263, 0.5372, 0.5409, 0.5488, 0.5399, 0.536, 0.5366, 0.5433, 0.5555, 0.5208, 0.5302, 0.5409, 0.5508, 0.5373, 0.5349, 0.5295, 0.5492, 0.5495, 0.5568, 0.5195, 0.5446], "size": [50000, 50000, 50000, 50000, 33169, 33169, 33169, 33169, 33169, 49208, 49208, 49208, 49208, 49208, 49371, 49371, 49371, 49371, 49371, 48800, 48800, 48800, 48800, 48800, 48323, 48323, 48323, 48323, 48323, 47833, 47833, 47833, 47833, 47833, 47389, 47389, 47389, 47389, 47389, 46911]}, "0.1-0.4-0.7": {"time": [24.865658044815063, 21.95006823539734, 21.660604000091553, 21.65180253982544, 21.426822423934937, 14.812564611434937, 14.214976787567139, 17.822718858718872, 17.306055545806885, 18.532996892929077, 22.160417079925537, 20.42408561706543, 22.916138887405396, 18.35320281982422, 17.95011258125305, 14.745246887207031, 14.803999662399292, 14.925163745880127, 14.987391710281372, 20.772160291671753, 16.8671555519104, 17.577850341796875, 17.993207931518555, 18.82772731781006, 17.84470510482788, 16.0249342918396, 14.248372554779053, 13.084422588348389, 12.957379579544067, 13.561408996582031, 12.645725727081299, 12.605013608932495, 11.297550201416016, 10.708366632461548, 12.162779331207275, 10.403812170028687, 10.30338191986084, 10.222457647323608, 10.159830093383789, 10.640930414199829], "accuracy": [0.2126, 0.3419, 0.385, 0.4831, 0.4931, 0.5067, 0.5115, 0.5232, 0.5267, 0.5316, 0.5246, 0.5488, 0.5399, 0.563, 0.5478, 0.527, 0.5315, 0.5469, 0.5481, 0.5446, 0.4912, 0.5196, 0.5535, 0.5646, 0.5699, 0.5784, 0.5788, 0.5827, 0.583, 0.4303, 0.5307, 0.5618, 0.5777, 0.5813, 0.582, 0.5837, 0.5842, 0.5863, 0.5869, 0.5861], "size": [50000, 50000, 50000, 50000, 34220, 34220, 34220, 34220, 34220, 43033, 43033, 43033, 43033, 43033, 36467, 36467, 36467, 36467, 36467, 34217, 34217, 34217, 34217, 34217, 32289, 32289, 32289, 32289, 32289, 31347, 31347, 31347, 31347, 31347, 29974, 29974, 29974, 29974, 29974, 29969]}}