{"baseline": {"time": [15.434900522232056, 15.485888242721558, 14.124078750610352, 14.220664739608765, 15.66446566581726, 15.427041053771973, 16.143488883972168, 15.228118419647217, 15.206553220748901, 15.960662841796875, 14.194200038909912, 15.308854818344116, 14.045720100402832, 14.18294906616211, 14.639612197875977, 14.56557011604309, 16.597609996795654, 14.769764423370361, 16.556840658187866, 15.57905125617981, 16.604274034500122, 15.997717380523682, 16.122764348983765, 15.583505153656006, 15.09279751777649, 14.121427059173584, 14.425427436828613, 15.957252264022827, 15.61728811264038, 14.291739463806152, 14.463313817977905, 15.539218664169312, 15.743930578231812, 14.079647064208984, 13.930306196212769, 15.836612224578857, 15.836751937866211, 14.856736183166504, 14.54100227355957, 15.398267030715942], "accuracy": [0.2266, 0.3609, 0.4457, 0.4777, 0.5313, 0.5384, 0.5329, 0.5462, 0.5393, 0.5311, 0.5389, 0.546, 0.5304, 0.5404, 0.5182, 0.5373, 0.5448, 0.5478, 0.5439, 0.5423, 0.544, 0.5369, 0.5351, 0.5509, 0.5252, 0.5403, 0.545, 0.5429, 0.5377, 0.5408, 0.5426, 0.5415, 0.5364, 0.5513, 0.5431, 0.5512, 0.546, 0.5386, 0.5491, 0.5449], "size": [50000, 50000, 50000, 50000, 50000, 50000, 50000, 50000, 50000, 50000, 50000, 50000, 50000, 50000, 50000, 50000, 50000, 50000, 50000, 50000, 50000, 50000, 50000, 50000, 50000, 50000, 50000, 50000, 50000, 50000, 50000, 50000, 50000, 50000, 50000, 50000, 50000, 50000, 50000, 50000]}, "0.1": {"time": [18.656827688217163, 18.700058937072754, 18.37500834465027, 18.66058897972107, 19.38096308708191, 18.652405738830566, 18.371315717697144, 18.448530912399292, 18.564523458480835, 18.89429473876953, 17.954779863357544, 17.991715908050537, 18.170334577560425, 18.28599452972412, 19.002119064331055, 18.45003032684326, 18.433181524276733, 18.380374670028687, 18.01334857940674, 18.66347336769104, 17.805421590805054, 17.879561185836792, 17.91523766517639, 17.75145149230957, 18.459821701049805, 17.93882465362549, 18.018335342407227, 17.868571519851685, 18.040311098098755, 18.80929732322693, 18.314626932144165, 18.176520824432373, 18.24842643737793, 18.179195642471313, 18.825852870941162, 17.86654782295227, 18.520838499069214, 18.05846333503723, 18.16200351715088, 18.786696910858154], "accuracy": [0.2246, 0.3382, 0.4297, 0.4924, 0.5037, 0.5418, 0.5228, 0.53, 0.5436, 0.548, 0.5297, 0.5351, 0.5421, 0.5266, 0.5343, 0.5341, 0.5396, 0.5453, 0.5327, 0.5365, 0.5172, 0.5308, 0.5456, 0.5382, 0.5337, 0.5454, 0.5438, 0.5521, 0.5394, 0.5508, 0.5452, 0.5334, 0.5322, 0.545, 0.5349, 0.5393, 0.5358, 0.5338, 0.5422, 0.5447], "size": [50000, 50000, 50000, 50000, 49682, 49682, 49682, 49682, 49682, 48596, 48596, 48596, 48596, 48596, 48596, 48596, 48596, 48596, 48596, 48596, 48596, 48596, 48596, 48596, 48596, 48596, 48596, 48596, 48596, 48596, 48596, 48596, 48596, 48596, 48596, 48596, 48596, 48596, 48596, 48596]}, "0.2": {"time": [18.37735629081726, 19.124803066253662, 18.74916172027588, 18.34465003013611, 19.00364589691162, 18.025394916534424, 17.510732650756836, 17.39676570892334, 17.54440927505493, 18.05357050895691, 17.757824420928955, 17.543938636779785, 17.672964572906494, 17.678986310958862, 18.094402313232422, 16.030080556869507, 16.21785569190979, 16.507461547851562, 16.464731693267822, 17.19477677345276, 16.43852663040161, 16.520169734954834, 16.252506732940674, 16.274597644805908, 16.70437979698181, 16.346842527389526, 16.4843487739563, 16.170111656188965, 16.0382559299469, 16.821297883987427, 16.178192615509033, 16.395193576812744, 16.41772770881653, 16.40227746963501, 17.133355617523193, 16.308005332946777, 16.08445143699646, 16.202462911605835, 16.465862274169922, 16.7977774143219], "accuracy": [0.2022, 0.344, 0.4262, 0.4688, 0.5149, 0.5284, 0.5145, 0.5162, 0.5331, 0.5261, 0.5234, 0.5253, 0.5167, 0.5271, 0.5252, 0.5256, 0.5166, 0.5243, 0.5297, 0.5222, 0.5161, 0.5197, 0.5219, 0.5214, 0.5256, 0.5172, 0.5199, 0.5278, 0.5267, 0.526, 0.5276, 0.5286, 0.5187, 0.5248, 0.5263, 0.5305, 0.516, 0.5229, 0.5241, 0.5178], "size": [50000, 50000, 50000, 50000, 47056, 47056, 47056, 47056, 47056, 47056, 47056, 47056, 47056, 47056, 43756, 43756, 43756, 43756, 43756, 43756, 43756, 43756, 43756, 43756, 43756, 43756, 43756, 43756, 43756, 43756, 43756, 43756, 43756, 43756, 43756, 43756, 43756, 43756, 43756, 43756]}, "0.2-0.8": {"time": [18.693570375442505, 18.519096612930298, 18.453694820404053, 18.462106943130493, 18.865446090698242, 17.344085931777954, 17.179978132247925, 17.111811876296997, 17.18142008781433, 18.376855611801147, 17.317533016204834, 17.034496545791626, 17.23868989944458, 17.306516408920288, 17.54932737350464, 16.071753978729248, 16.04392147064209, 16.141570806503296, 15.909708499908447, 16.538529634475708, 16.21086859703064, 15.835667610168457, 15.929977655410767, 16.127042293548584, 16.59094262123108, 16.30203914642334, 16.1660258769989, 16.390480756759644, 16.174177408218384, 16.516499996185303, 16.037774324417114, 16.01206636428833, 16.33301305770874, 16.314493656158447, 16.74407958984375, 13.83120584487915, 13.53596043586731, 13.347684144973755, 13.50580096244812, 13.828546524047852], "accuracy": [0.2324, 0.328, 0.398, 0.453, 0.5204, 0.5073, 0.5242, 0.5225, 0.5202, 0.5241, 0.5157, 0.5294, 0.5167, 0.5298, 0.5235, 0.5198, 0.53, 0.5223, 0.5219, 0.5189, 0.5157, 0.5261, 0.5252, 0.5154, 0.5114, 0.5346, 0.5336, 0.5326, 0.527, 0.5144, 0.5262, 0.5211, 0.5178, 0.5217, 0.535, 0.5345, 0.5401, 0.5262, 0.514, 0.5239], "size": [50000, 50000, 50000, 50000, 46875, 46875, 46875, 46875, 46875, 46875, 46875, 46875, 46875, 46875, 43400, 43400, 43400, 43400, 43400, 43400, 43400, 43400, 43400, 43400, 43400, 43400, 43400, 43400, 43400, 43400, 43400, 43400, 43400, 43400, 36429, 36429, 36429, 36429, 36429, 36429]}, "0.15-0.5-0.85": {"time": [18.66554355621338, 18.659072637557983, 18.31192898750305, 18.476021766662598, 19.05244469642639, 17.038469552993774, 17.19610023498535, 17.03943419456482, 17.359387397766113, 17.647270679473877, 18.110157251358032, 18.067467212677002, 17.737671613693237, 18.133952856063843, 18.444212913513184, 18.125274658203125, 17.97760844230652, 17.68400001525879, 17.88842535018921, 18.041911125183105, 17.865854263305664, 18.103866815567017, 18.07756781578064, 18.280542135238647, 18.159504413604736, 18.080775022506714, 17.899266242980957, 17.725879669189453, 18.0087571144104, 18.53316378593445, 17.789488792419434, 17.635748624801636, 18.128130197525024, 18.069578409194946, 18.522818565368652, 17.980725049972534, 18.17371892929077, 18.114479780197144, 17.96421718597412, 18.47136116027832], "accuracy": [0.2033, 0.3399, 0.4259, 0.4888, 0.5194, 0.5371, 0.5254, 0.5301, 0.53, 0.5189, 0.5416, 0.5303, 0.5203, 0.5121, 0.5303, 0.5373, 0.5338, 0.5298, 0.5246, 0.5442, 0.5275, 0.548, 0.5282, 0.5339, 0.5346, 0.5287, 0.5364, 0.5293, 0.5336, 0.5433, 0.5259, 0.5426, 0.5336, 0.5376, 0.5405, 0.538, 0.5409, 0.5377, 0.5438, 0.5302], "size": [50000, 50000, 50000, 50000, 46063, 46063, 46063, 46063, 46063, 48571, 48571, 48571, 48571, 48571, 48297, 48297, 48297, 48297, 48297, 48581, 48581, 48581, 48581, 48581, 48509, 48509, 48509, 48509, 48509, 48404, 48404, 48404, 48404, 48404, 48310, 48310, 48310, 48310, 48310, 48217]}, "0.1-0.4-0.7": {"time": [18.554348468780518, 18.206092596054077, 18.12530779838562, 18.09170961380005, 19.04339337348938, 11.973799467086792, 12.09378457069397, 12.000952959060669, 11.97350788116455, 12.469954252243042, 18.194003343582153, 18.23053288459778, 17.90904974937439, 17.959052801132202, 18.918975353240967, 18.34708070755005, 18.463002920150757, 17.948625326156616, 17.94483757019043, 18.678520441055298, 17.988228797912598, 18.167447805404663, 18.04136824607849, 18.287182331085205, 18.52619218826294, 17.737808227539062, 18.17164635658264, 17.7439968585968, 17.78243064880371, 18.576029300689697, 17.514800548553467, 17.26220417022705, 17.379883289337158, 17.889997482299805, 18.2234845161438, 17.455848217010498, 17.46025061607361, 17.25552749633789, 17.379997491836548, 17.541681051254272],