{"0.1-0.9": {"time": [19.154264211654663, 18.9436092376709, 18.947921752929688, 18.803327322006226, 19.62982749938965, 18.649280786514282, 18.94980549812317, 18.949424982070923, 18.9616436958313, 19.55290198326111, 18.972497701644897, 19.44010281562805, 19.27509880065918, 19.3731107711792, 19.947527170181274, 19.329934120178223, 19.455042600631714, 19.28726077079773, 19.304737329483032, 19.786234140396118, 19.401840686798096, 19.32271718978882, 19.32771348953247, 19.389219999313354, 19.74892020225525, 19.306582927703857, 19.298372507095337, 19.3429753780365, 19.40737795829773, 19.93910837173462, 19.44116735458374, 19.320094347000122, 19.29743504524231, 19.230462312698364, 19.85359287261963, 19.27711796760559, 19.217093229293823, 19.345860958099365, 19.44868016242981, 19.96890139579773], "accuracy": [0.2096, 0.3423, 0.4074, 0.4732, 0.5119, 0.5101, 0.5194, 0.5235, 0.5237, 0.5111, 0.5079, 0.5206, 0.5289, 0.5212, 0.5147, 0.5165, 0.525, 0.5303, 0.5093, 0.5178, 0.5193, 0.522, 0.5232, 0.5295, 0.5307, 0.5252, 0.5336, 0.5276, 0.5286, 0.5175, 0.5245, 0.5213, 0.5186, 0.5269, 0.5291, 0.5292, 0.5292, 0.5278, 0.5203, 0.5111], "size": [50000, 50000, 50000, 50000, 49777, 49777, 49777, 49777, 49777, 48791, 48791, 48791, 48791, 48791, 48791, 48791, 48791, 48791, 48791, 48791, 48791, 48791, 48791, 48791, 48791, 48791, 48791, 48791, 48791, 48791, 48791, 48791, 48791, 48791, 48791, 48791, 48791, 48791, 48791, 48791]}, "0.2-0.8": {"time": [19.738260507583618, 19.77876591682434, 19.728017807006836, 19.60531783103943, 20.200210332870483, 18.052644968032837, 18.008824586868286, 18.034971714019775, 18.07090950012207, 19.0486102104187, 18.252312660217285, 18.0619158744812, 18.208849906921387, 18.149723052978516, 18.97698163986206, 16.323782920837402, 16.324753761291504, 16.374893188476562, 16.326852321624756, 17.010485410690308, 16.208146810531616, 16.126939058303833, 16.193490743637085, 16.20042371749878, 16.8446364402771, 16.26032590866089, 16.305736541748047, 16.210160970687866, 16.25523829460144, 16.83348298072815, 16.35127568244934, 16.178528308868408, 16.235783576965332, 16.13682222366333, 17.21014142036438, 16.167062997817993, 16.273610591888428, 16.265929698944092, 16.295625686645508, 16.83781599998474], "accuracy": [0.2581, 0.3598, 0.4294, 0.5148, 0.5336, 0.5487, 0.5531, 0.5467, 0.5456, 0.5446, 0.5417, 0.5399, 0.5458, 0.5521, 0.5322, 0.5504, 0.5455, 0.5468, 0.5543, 0.5449, 0.5469, 0.5563, 0.541, 0.5491, 0.5449, 0.5545, 0.5531, 0.5486, 0.5418, 0.5497, 0.5418, 0.5449, 0.5399, 0.5595, 0.5419, 0.5455, 0.5377, 0.5446, 0.551, 0.546], "size": [50000, 50000, 50000, 50000, 45547, 45547, 45547, 45547, 45547, 45547, 45547, 45547, 45547, 45547, 41034, 41034, 41034, 41034, 41034, 41034, 41034, 41034, 41034, 41034, 41034, 41034, 41034, 41034, 41034, 41034, 41034, 41034, 41034, 41034, 41034, 41034, 41034, 41034, 41034, 41034]}, "0.3-0.7": {"time": [19.71120309829712, 19.799980640411377, 19.790855884552002, 19.644498825073242, 20.31044626235962, 18.678815364837646, 18.740074157714844, 18.687251091003418, 18.683388471603394, 19.309985637664795, 17.208829402923584, 16.389380931854248, 16.30116319656372, 16.303478479385376, 16.79644799232483, 12.560712814331055, 12.73750352859497, 12.508975267410278, 12.55995798110962, 13.410082578659058, 12.749349355697632, 12.933585405349731, 12.52103590965271, 12.74461030960083, 13.414121627807617, 12.506266832351685, 12.562460899353027, 12.508046388626099, 12.512094736099243, 13.114039659500122, 12.794961929321289, 12.77108645439148, 12.806726217269897, 12.77416467666626, 13.421691179275513, 12.740975141525269, 12.808809041976929, 12.73316478729248, 12.64476728439331, 13.38717794418335], "accuracy": [0.2055, 0.3266, 0.4235, 0.4702, 0.4913, 0.5302, 0.519, 0.5268, 0.5044, 0.5231, 0.5237, 0.5065, 0.5286, 0.5142, 0.5203, 0.5201, 0.5271, 0.5213, 0.5072, 0.5166, 0.4983, 0.5155, 0.5271, 0.5097, 0.5105, 0.5239, 0.5268, 0.4944, 0.5325, 0.5245, 0.5123, 0.5133, 0.5219, 0.5144, 0.5244, 0.5194, 0.5172, 0.5011, 0.5175, 0.5169], "size": [50000, 50000, 50000, 50000, 47349, 47349, 47349, 47349, 47349, 43296, 43296, 43296, 43296, 43296, 33900, 33900, 33900, 33900, 33900, 33900, 33900, 33900, 33900, 33900, 33900, 33900, 33900, 33900, 33900, 33900, 33900, 33900, 33900, 33900, 33900, 33900, 33900, 33900, 33900, 33900]}}