{"baseline": {"time": [10.450433731079102, 10.213298559188843, 10.21458911895752, 10.31243371963501, 10.392072200775146, 9.69604778289795, 9.776597023010254, 9.680561542510986, 9.75186538696289, 9.914255142211914, 9.965054035186768, 9.91667914390564, 10.124568700790405, 11.079898834228516, 10.047192096710205, 10.160030841827393, 9.761975288391113, 9.58389663696289, 9.715232610702515, 10.121358871459961, 10.230682849884033, 10.308247566223145, 9.94926142692566, 10.18193793296814, 10.03864073753357, 9.980239868164062, 9.739429712295532, 9.773985862731934, 10.173250913619995, 9.97644329071045, 10.18574857711792, 10.333245277404785, 10.18421483039856, 10.082281827926636, 9.591455221176147, 9.72673749923706, 9.790131092071533, 9.997777938842773, 9.974701166152954, 9.616538286209106], "accuracy": [0.4799, 0.5391, 0.5655, 0.5943, 0.6054, 0.5966, 0.6161, 0.6242, 0.6318, 0.6338, 0.6359, 0.6351, 0.6329, 0.6444, 0.6361, 0.6366, 0.6392, 0.6404, 0.6323, 0.6409, 0.6323, 0.6365, 0.6348, 0.6276, 0.6301, 0.6258, 0.6333, 0.6262, 0.6171, 0.6184, 0.6246, 0.6216, 0.6196, 0.6231, 0.62, 0.6217, 0.6248, 0.622, 0.6174, 0.6123], "size": [50000, 50000, 50000, 50000, 50000, 50000, 50000, 50000, 50000, 50000, 50000, 50000, 50000, 50000, 50000, 50000, 50000, 50000, 50000, 50000, 50000, 50000, 50000, 50000, 50000, 50000, 50000, 50000, 50000, 50000, 50000, 50000, 50000, 50000, 50000, 50000, 50000, 50000, 50000, 50000]}, "0.1": {"time": [10.40455412864685, 9.78023648262024, 10.116484642028809, 10.167091846466064, 10.150141954421997, 9.990638494491577, 9.793808937072754, 9.259618043899536, 9.406906843185425, 10.434388637542725, 9.341996431350708, 9.580810070037842, 9.323203325271606, 9.273626327514648, 9.812987327575684, 9.125382423400879, 9.116541624069214, 8.986571311950684, 9.287821531295776, 9.752990961074829, 9.5458984375, 9.287320852279663, 9.570522546768188, 9.128048181533813, 9.591763973236084, 9.25739073753357, 9.414962768554688, 9.448391914367676, 9.04004955291748, 9.585888385772705, 9.32888913154602, 9.373039960861206, 9.374752283096313, 9.266715049743652, 9.739139556884766, 9.234426259994507, 9.014674425125122, 9.044829368591309, 9.407541513442993, 9.791270017623901], "accuracy": [0.4817, 0.5249, 0.5634, 0.5838, 0.5949, 0.5912, 0.613, 0.6212, 0.6168, 0.6222, 0.6293, 0.6339, 0.635, 0.6403, 0.6375, 0.635, 0.6373, 0.6325, 0.6338, 0.6271, 0.6237, 0.627, 0.6218, 0.6227, 0.6225, 0.6147, 0.6176, 0.6104, 0.6113, 0.6158, 0.6146, 0.6026, 0.6098, 0.6095, 0.6039, 0.5981, 0.604, 0.6044, 0.5937, 0.6061], "size": [50000, 50000, 50000, 50000, 47981, 47981, 47981, 47981, 47981, 46805, 46805, 46805, 46805, 46805, 46805, 46805, 46805, 46805, 46805, 46805, 46805, 46805, 46805, 46805, 46805, 46805, 46805, 46805, 46805, 46805, 46805, 46805, 46805, 46805, 46786, 46786, 46786, 46786, 46786, 46786]}, "0.2": {"time": [11.133835077285767, 10.861134767532349, 10.441144227981567, 9.991581201553345, 10.550165176391602, 7.818411588668823, 7.827077865600586, 7.958013296127319, 7.853292226791382, 8.177820444107056, 7.396016836166382, 7.486743927001953, 7.248918056488037, 7.0762104988098145, 7.554598331451416, 7.21351957321167, 7.178985595703125, 7.225000858306885, 7.010169744491577, 7.392075300216675, 7.66074275970459, 7.449743986129761, 7.632880449295044, 7.2902512550354, 7.79315185546875, 7.140647649765015, 7.128814697265625, 7.0624940395355225, 6.913866758346558, 7.747936725616455, 7.11924934387207, 7.585249185562134, 7.354459285736084, 7.2023515701293945, 7.65144419670105, 7.266057968139648, 7.550104379653931, 7.6250691413879395, 7.315083742141724, 7.557821035385132], "accuracy": [0.4696, 0.5392, 0.5837, 0.591, 0.6104, 0.6158, 0.6268, 0.6255, 0.6269, 0.6323, 0.6317, 0.6328, 0.6254, 0.6337, 0.6261, 0.6324, 0.6333, 0.6255, 0.6232, 0.6227, 0.6169, 0.6164, 0.6177, 0.6191, 0.6192, 0.6215, 0.6146, 0.6172, 0.6137, 0.6037, 0.6132, 0.6049, 0.6066, 0.6083, 0.597, 0.6077, 0.6043, 0.6082, 0.5995, 0.6017], "size": [50000, 50000, 50000, 50000, 38481, 38481, 38481, 38481, 38481, 36187, 36187, 36187, 36187, 36187, 36187, 36187, 36187, 36187, 36187, 35780, 35780, 35780, 35780, 35780, 35780, 35780, 35780, 35780, 35780, 35780, 35780, 35780, 35780, 35780, 35625, 35625, 35625, 35625, 35625, 35625]}, "0.2-0.8": {"time": [10.330113649368286, 9.866986274719238, 9.547241449356079, 9.420791149139404, 10.575336217880249, 7.393454074859619, 7.95017147064209, 7.537575006484985, 7.615142345428467, 8.120893239974976, 8.199834823608398, 7.536167144775391, 7.322436809539795, 7.235802412033081, 7.471272230148315, 7.297041893005371, 7.231133222579956, 7.290853261947632, 7.307465553283691, 8.493018388748169, 8.125365734100342, 7.891145706176758, 7.7677130699157715, 7.949170112609863, 7.833806276321411, 7.361780166625977, 7.390040159225464, 7.3014819622039795, 7.128888130187988, 7.40282130241394, 7.027419328689575, 7.164379119873047, 7.198144435882568, 7.294793367385864, 8.005524396896362, 7.591538667678833, 7.1732776165008545, 7.252324104309082, 7.149717569351196, 7.5207812786102295], "accuracy": [0.4809, 0.5355, 0.5691, 0.5855, 0.604, 0.6111, 0.6203, 0.6223, 0.6238, 0.6213, 0.6049, 0.6178, 0.6185, 0.6257, 0.6293, 0.6208, 0.6191, 0.6282, 0.6222, 0.6147, 0.6223, 0.6099, 0.6171, 0.6172, 0.6114, 0.6047, 0.6058, 0.6087, 0.6164, 0.6056, 0.5983, 0.6092, 0.6054, 0.6023, 0.6014, 0.5954, 0.5967, 0.6025, 0.5969, 0.5971], "size": [50000, 50000, 50000, 50000, 38306, 38306, 38306, 38306, 38306, 36111, 36111, 36111, 36111, 36111, 36111, 36111, 36111, 36111, 36111, 35702, 35702, 35702, 35702, 35702, 35702, 35702, 35702, 35702, 35702, 35702, 35702, 35702, 35702, 35702, 35553, 35553, 35553, 35553, 35553, 35553]}, "0.15-0.5-0.85": {"time": [10.518872261047363, 10.576789140701294, 9.965781450271606, 10.248277425765991, 10.618413209915161, 9.546083211898804, 9.316546440124512, 9.26540756225586, 9.267414093017578, 9.77776575088501, 9.447301864624023, 9.092840194702148, 9.312746286392212, 9.62095022201538, 10.115988969802856, 10.42774224281311, 9.48166298866272, 9.555447578430176, 9.250699758529663, 9.864545106887817, 9.226832389831543, 9.018324851989746, 8.925658226013184, 9.010529041290283, 9.532189846038818, 10.28389310836792, 9.626327753067017, 9.333200454711914, 9.32355546951294, 10.425920724868774, 9.525554418563843, 9.637725591659546, 9.579605340957642, 9.773482084274292, 9.96740984916687, 8.992804288864136, 9.145786762237549, 8.901259899139404, 9.306375980377197, 9.769185304641724], "accuracy": [0.4771, 0.5111, 0.557, 0.5803, 0.6045, 0.5982, 0.6172, 0.6242, 0.6214, 0.6413, 0.6469, 0.6451, 0.6391, 0.6371, 0.6389, 0.6479, 0.6384, 0.6412, 0.6364, 0.6387, 0.6358, 0.6296, 0.6319, 0.6401, 0.6395, 0.6364, 0.6359, 0.6331, 0.6348, 0.6312, 0.6245, 0.63, 0.6223, 0.6222, 0.6232, 0.6236, 0.62, 0.6199, 0.6162, 0.6185], "size": [50000, 50000, 50000, 50000, 46913, 46913, 46913, 46913, 46913, 46484, 46484, 46484, 46484, 46484, 46813, 46813, 46813, 46813, 46813, 46569, 46569, 46569, 46569, 46569, 46600, 46600, 46600, 46600, 46600, 46547, 46547, 46547, 46547, 46547, 46486, 46486, 46486, 46486, 46486, 46491]}, "0.1-0.4-0.7": {"time": [9.736112833023071, 9.646178483963013, 9.880218505859375, 9.435210943222046, 10.218380451202393, 8.00166392326355, 8.775357484817505, 7.853644609451294, 7.817394256591797, 8.648119688034058, 8.457220554351807, 9.202653169631958, 9.089805126190186, 8.69109058380127, 9.303750276565552, 9.56638479232788, 9.660581350326538, 9.508796215057373, 9.378028154373169, 9.509065628051758, 8.785300254821777, 8.733319997787476, 8.630414009094238, 8.654618501663208, 8.927419662475586, 8.55063796043396, 8.449102878570557, 8.448744297027588, 8.608575582504272, 9.278279304504395, 7.125096082687378, 6.4097981452941895, 6.512979745864868, 6.551129341125488, 6.97954535484314, 5.07703423500061, 4.806097984313965, 4.828503847122192, 4.72103214263916, 5.535570383071899],