{"baseline": {"time": [16.896074771881104, 15.426036834716797, 16.159457445144653, 15.67296814918518, 15.778168678283691, 14.921478748321533, 16.036133527755737, 16.720525979995728, 16.119067668914795, 15.743369102478027, 15.152776956558228, 13.863091707229614, 13.891736507415771, 14.178305864334106, 15.934000015258789, 14.557538986206055, 15.14327335357666, 15.822768449783325, 15.183250904083252, 14.8871910572052, 14.008095264434814, 15.196787357330322, 14.990072965621948, 15.404911518096924, 15.016080379486084, 14.847266912460327, 15.129719257354736, 15.119966506958008, 14.163209199905396, 16.108687162399292, 17.686737298965454, 15.824487686157227, 14.91020917892456, 14.689159631729126, 14.062613725662231, 15.102668762207031, 16.63944959640503, 16.585320472717285, 16.030992031097412, 14.489128589630127], "accuracy": [0.589, 0.755, 0.7915, 0.811, 0.7986, 0.8286, 0.8357, 0.8315, 0.8407, 0.8344, 0.8446, 0.833, 0.8434, 0.8301, 0.8384, 0.8489, 0.8471, 0.8404, 0.8499, 0.8368, 0.8458, 0.8415, 0.8481, 0.8395, 0.8411, 0.8352, 0.8483, 0.8404, 0.8497, 0.846, 0.8449, 0.8509, 0.855, 0.8496, 0.8578, 0.8462, 0.8539, 0.8507, 0.8522, 0.8506], "size": [50000, 50000, 50000, 50000, 50000, 50000, 50000, 50000, 50000, 50000, 50000, 50000, 50000, 50000, 50000, 50000, 50000, 50000, 50000, 50000, 50000, 50000, 50000, 50000, 50000, 50000, 50000, 50000, 50000, 50000, 50000, 50000, 50000, 50000, 50000, 50000, 50000, 50000, 50000, 50000]}, "0.1": {"time": [18.73322343826294, 18.770155429840088, 18.465046405792236, 18.233030080795288, 19.059770345687866, 14.445570945739746, 14.395010709762573, 14.340924501419067, 14.30092453956604, 14.797789812088013, 14.659546136856079, 14.45356035232544, 14.28478217124939, 14.220629453659058, 15.157617807388306, 14.390218496322632, 14.319044351577759, 14.830251455307007, 14.28757119178772, 14.96505880355835, 14.510742664337158, 14.727545261383057, 14.697569131851196, 14.401916980743408, 14.883171319961548, 14.580315351486206, 14.517567157745361, 14.388009786605835, 15.120076656341553, 15.34494423866272, 14.779293775558472, 14.284640312194824, 14.655619144439697, 14.733083486557007, 15.028613328933716, 14.427644491195679, 14.509323120117188, 14.265799522399902, 14.364179611206055, 14.789659261703491], "accuracy": [0.6228, 0.7304, 0.7659, 0.7909, 0.8188, 0.7915, 0.7909, 0.803, 0.8225, 0.8152, 0.8239, 0.8353, 0.8305, 0.8348, 0.822, 0.8296, 0.823, 0.8173, 0.8341, 0.8262, 0.8338, 0.8324, 0.8329, 0.8326, 0.8351, 0.8369, 0.8246, 0.8375, 0.8306, 0.8346, 0.8415, 0.8368, 0.8391, 0.8382, 0.8363, 0.8406, 0.8284, 0.8377, 0.8414, 0.8396], "size": [50000, 50000, 50000, 50000, 38997, 38997, 38997, 38997, 38997, 38997, 38997, 38997, 38997, 38997, 38997, 38997, 38997, 38997, 38997, 38997, 38997, 38997, 38997, 38997, 38997, 38997, 38997, 38997, 38997, 38997, 38997, 38997, 38997, 38997, 38997, 38997, 38997, 38997, 38997, 38997]}, "0.2": {"time": [18.643868684768677, 18.152408599853516, 18.273229598999023, 18.11596655845642, 18.68794012069702, 6.9671125411987305, 6.8866143226623535, 7.065010070800781, 6.9160120487213135, 7.428858995437622, 6.9260947704315186, 6.8220531940460205, 6.934373140335083, 7.086044549942017, 8.021894693374634, 7.062505722045898, 7.11476469039917, 6.971881628036499, 6.8990888595581055, 7.4781036376953125, 6.806035995483398, 6.80372428894043, 6.862058162689209, 6.954924583435059, 7.407121658325195, 6.881109237670898, 7.087664604187012, 6.897582530975342, 6.97431206703186, 7.662410259246826, 7.078474044799805, 7.066730976104736, 7.156251668930054, 6.981127977371216, 7.400822639465332, 6.834475040435791, 6.766051769256592, 7.114309072494507, 6.802003622055054, 7.281818866729736], "accuracy": [0.643, 0.7159, 0.7619, 0.8227, 0.7974, 0.8207, 0.8209, 0.8124, 0.7977, 0.7888, 0.821, 0.8095, 0.8027, 0.8256, 0.8156, 0.8054, 0.8089, 0.8045, 0.8043, 0.805, 0.7935, 0.8205, 0.8062, 0.8135, 0.8124, 0.804, 0.8102, 0.8114, 0.8173, 0.8141, 0.8073, 0.8079, 0.8105, 0.8162, 0.802, 0.8115, 0.8254, 0.8157, 0.8068, 0.8073], "size": [50000, 50000, 50000, 50000, 18705, 18705, 18705, 18705, 18705, 18705, 18705, 18705, 18705, 18705, 18705, 18705, 18705, 18705, 18705, 18705, 18705, 18705, 18705, 18705, 18705, 18705, 18705, 18705, 18705, 18705, 18705, 18705, 18705, 18705, 18705, 18705, 18705, 18705, 18705, 18705]}, "0.2-0.8": {"time": [18.50764513015747, 18.524198532104492, 18.133151531219482, 18.34417700767517, 18.686150789260864, 6.573464870452881, 6.492373466491699, 6.503384828567505, 6.522002458572388, 7.137018203735352, 6.7497878074646, 6.877689838409424, 6.809122085571289, 6.9812164306640625, 7.207198143005371, 6.6135876178741455, 6.629854679107666, 6.534236192703247, 6.61355447769165, 7.369410514831543, 6.61546778678894, 6.672067165374756, 6.63525390625, 6.802398204803467, 7.5954976081848145, 7.137967348098755, 6.749093770980835, 6.663317680358887, 6.6513512134552, 7.061443567276001, 6.817728757858276, 6.868196249008179, 6.678634166717529, 6.924079895019531, 7.2737720012664795, 3.683525562286377, 3.6731510162353516, 3.7172393798828125, 3.6379666328430176, 4.136965036392212], "accuracy": [0.6406, 0.7484, 0.7918, 0.8102, 0.8183, 0.8112, 0.781, 0.8142, 0.7912, 0.8036, 0.8091, 0.8213, 0.7974, 0.8125, 0.8185, 0.7758, 0.8054, 0.8118, 0.8122, 0.8076, 0.814, 0.7958, 0.8136, 0.8057, 0.8211, 0.828, 0.791, 0.8025, 0.817, 0.8195, 0.8211, 0.7995, 0.795, 0.813, 0.8207, 0.808, 0.8146, 0.8274, 0.83, 0.8218], "size": [50000, 50000, 50000, 50000, 17889, 17889, 17889, 17889, 17889, 17889, 17889, 17889, 17889, 17889, 17889, 17889, 17889, 17889, 17889, 17889, 17889, 17889, 17889, 17889, 17889, 17889, 17889, 17889, 17889, 17889, 17889, 17889, 17889, 17889, 9914, 9914, 9914, 9914, 9914, 9914]}, "0.15-0.5-0.85": {"time": [19.02467632293701, 19.04369282722473, 18.527487754821777, 18.538582801818848, 18.840842247009277, 14.551321268081665, 14.570781469345093, 15.774308919906616, 14.671359300613403, 14.893498420715332, 9.179932832717896, 9.453096866607666, 9.021242141723633, 8.926389932632446, 9.739676475524902, 8.92367172241211, 8.801841735839844, 8.678988218307495, 8.729835510253906, 9.23775839805603, 8.756590843200684, 8.774549007415771, 8.938010454177856, 8.881462812423706, 9.34103798866272, 8.723562240600586, 8.635109663009644, 8.679499626159668, 8.854549169540405, 9.517056941986084, 9.041945457458496, 8.770543813705444, 8.776326894760132, 8.81810975074768, 9.3233642578125, 8.932510137557983, 8.918860912322998, 8.885447978973389, 8.766088247299194, 9.33220911026001], "accuracy": [0.6375, 0.7411, 0.7362, 0.8065, 0.8311, 0.8218, 0.8318, 0.8262, 0.8114, 0.8246, 0.836, 0.8192, 0.8267, 0.8188, 0.8268, 0.8294, 0.8275, 0.8133, 0.8259, 0.8253, 0.83, 0.8386, 0.8145, 0.8283, 0.8281, 0.8266, 0.8198, 0.8173, 0.8214, 0.819, 0.8315, 0.8308, 0.8423, 0.822, 0.8256, 0.8298, 0.8263, 0.8268, 0.8304, 0.8232], "size": [50000, 50000, 50000, 50000, 39412, 39412, 39412, 39412, 39412, 24056, 24056, 24056, 24056, 24056, 24014, 24014, 24014, 24014, 24014, 23967, 23967, 23967, 23967, 23967, 23931, 23931, 23931, 23931, 23931, 23896, 23896, 23896, 23896, 23896, 23862, 23862, 23862, 23862, 23862, 23838]}, "0.1-0.4-0.7": {"time": [18.39457607269287, 18.36339020729065, 18.297712087631226, 18.43205428123474, 18.673213958740234, 14.263285160064697, 14.438802480697632, 14.262933015823364, 14.332964420318604, 14.669875621795654, 14.375218868255615, 14.465932130813599, 14.574635982513428, 14.442928552627563, 15.158063411712646, 14.46045207977295, 14.65056562423706, 14.45093297958374, 14.312253713607788, 15.059085369110107, 14.339932203292847, 14.300994634628296, 14.31423282623291, 14.41818642616272, 14.82383131980896, 14.414775848388672, 14.332515478134155, 14.353776931762695, 14.44001317024231, 14.785894393920898, 14.479544401168823, 14.324243545532227, 14.244623184204102, 14.280961751937866, 15.194137573242188, 14.230211734771729, 14.165066957473755, 14.277339696884155, 14.204870223999023, 14.653311729431152],