{"0.1-0.3-0.7": {"time": [10.729950904846191, 10.285418272018433, 10.409183740615845, 10.210207462310791, 10.826118230819702, 2.108670711517334, 1.981881856918335, 2.124939203262329, 2.019251585006714, 2.515493631362915, 8.921561479568481, 9.029953956604004, 9.278501987457275, 8.974414110183716, 9.225395917892456, 3.6087942123413086, 3.6577439308166504, 3.4980335235595703, 3.5495429039001465, 4.128959655761719, 3.6407508850097656, 3.6143412590026855, 3.5102479457855225, 3.5963263511657715, 4.214782238006592, 3.3717992305755615, 3.35379695892334, 3.449819326400757, 3.439366102218628, 3.9680240154266357, 0.01903986930847168, 0.01653575897216797, 0.012755155563354492, 0.01710796356201172, 0.4736671447753906, 0.009514331817626953, 0.01064753532409668, 0.003175497055053711, 0.004016876220703125, 0.9244117736816406], "accuracy": [0.1108, 0.1633, 0.1922, 0.2133, 0.2271, 0.2304, 0.2318, 0.2291, 0.2331, 0.2362, 0.2461, 0.2577, 0.26, 0.2618, 0.2719, 0.259, 0.2559, 0.2657, 0.2654, 0.2585, 0.2696, 0.2744, 0.2747, 0.2717, 0.2706, 0.2776, 0.2785, 0.283, 0.2764, 0.2792, 0.2776, 0.271, 0.2663, 0.2621, 0.2566, 0.2488, 0.2337, 0.2151, 0.1966, 0.1767], "size": [50000, 50000, 50000, 50000, 9641, 9641, 9641, 9641, 9641, 42077, 42077, 42077, 42077, 42077, 17667, 17667, 17667, 17667, 17667, 17265, 17265, 17265, 17265, 17265, 16725, 16725, 16725, 16725, 16725, 60, 60, 60, 60, 60, 2, 2, 2, 2, 2, 2]}, "0.1-0.4-0.7": {"time": [10.392714500427246, 10.509750843048096, 10.336595058441162, 10.104752540588379, 10.779407978057861, 2.2720630168914795, 2.1310343742370605, 2.156179189682007, 2.2125697135925293, 2.7856743335723877, 9.09022569656372, 8.794667482376099, 8.762444257736206, 8.855170011520386, 9.612338781356812, 4.040278434753418, 4.259174346923828, 3.9760217666625977, 4.18183708190918, 4.707087278366089, 3.7011327743530273, 3.7088847160339355, 3.6971397399902344, 3.690139055252075, 4.226058721542358, 3.3760836124420166, 3.5927088260650635, 3.4257633686065674, 3.568063259124756, 3.861146926879883, 0.016974449157714844, 0.0177609920501709, 0.018270254135131836, 0.01700568199157715, 0.45503973960876465, 0.03567194938659668, 0.0036602020263671875, 0.010720252990722656, 0.003925800323486328, 0.5178403854370117], "accuracy": [0.1298, 0.1782, 0.1986, 0.2224, 0.2426, 0.2423, 0.2422, 0.2359, 0.2446, 0.2365, 0.2587, 0.266, 0.2699, 0.2765, 0.2807, 0.2838, 0.2848, 0.2767, 0.284, 0.2801, 0.285, 0.2908, 0.2889, 0.2823, 0.2899, 0.2911, 0.2914, 0.2899, 0.2955, 0.2895, 0.2918, 0.2927, 0.2877, 0.2779, 0.2719, 0.2534, 0.2292, 0.205, 0.1802, 0.1597], "size": [50000, 50000, 50000, 50000, 10573, 10573, 10573, 10573, 10573, 41446, 41446, 41446, 41446, 41446, 18861, 18861, 18861, 18861, 18861, 17750, 17750, 17750, 17750, 17750, 16667, 16667, 16667, 16667, 16667, 85, 85, 85, 85, 85, 1, 1, 1, 1, 1, 1]}}