{"0.1-0.9": {"time": [10.519699573516846, 9.951551675796509, 9.789254188537598, 9.982527494430542, 10.019059181213379, 10.20259404182434, 9.961839437484741, 9.86561131477356, 10.582278490066528, 10.647961139678955, 10.290042400360107, 10.439699649810791, 9.980210781097412, 9.785708665847778, 10.706214666366577, 10.02716612815857, 10.003366231918335, 10.294541120529175, 10.157127618789673, 10.951260089874268, 10.28055214881897, 10.211473226547241, 10.138484954833984, 9.979313135147095, 10.974817037582397, 9.824991226196289, 9.94362187385559, 9.994786739349365, 10.403176069259644, 10.596721172332764, 10.523582935333252, 10.797975778579712, 10.546789407730103, 10.46618390083313, 11.249897003173828, 10.539513349533081, 10.052583456039429, 10.334378004074097, 10.245938777923584, 10.885528802871704], "accuracy": [0.1108, 0.1633, 0.1922, 0.2133, 0.2271, 0.2376, 0.2474, 0.2513, 0.2642, 0.2715, 0.2704, 0.2779, 0.2755, 0.2874, 0.2848, 0.289, 0.2879, 0.2924, 0.2995, 0.2956, 0.2934, 0.2939, 0.2965, 0.2956, 0.2983, 0.3023, 0.298, 0.3002, 0.2948, 0.2973, 0.2977, 0.2943, 0.2971, 0.2956, 0.2959, 0.2946, 0.2957, 0.3012, 0.2979, 0.2994], "size": [50000, 50000, 50000, 50000, 49995, 49995, 49995, 49995, 49995, 49995, 49995, 49995, 49995, 49995, 49995, 49995, 49995, 49995, 49995, 49995, 49995, 49995, 49995, 49995, 49995, 49995, 49995, 49995, 49995, 49995, 49995, 49995, 49995, 49995, 49995, 49995, 49995, 49995, 49995, 49995]}, "0.2-0.8": {"time": [9.879834175109863, 10.014876365661621, 10.203347444534302, 10.070426225662231, 10.176574945449829, 10.140703201293945, 10.132454633712769, 10.179386854171753, 10.354954957962036, 10.752601623535156, 10.067801237106323, 10.376723289489746, 10.403752326965332, 10.53772258758545, 11.253216981887817, 10.465117931365967, 10.553492546081543, 10.45551061630249, 10.577831029891968, 10.53390884399414, 10.593153715133667, 10.459453582763672, 10.89015817642212, 9.97544527053833, 10.53751015663147, 10.17580795288086, 10.187858819961548, 9.969713687896729, 10.178277254104614, 10.677742958068848, 9.986469984054565, 10.149466276168823, 10.37241244316101, 10.239766120910645, 11.00240969657898, 10.323615074157715, 9.904451608657837, 10.086866617202759, 10.142539978027344, 10.604387044906616], "accuracy": [0.1298, 0.1782, 0.1986, 0.2224, 0.2426, 0.2537, 0.2614, 0.2664, 0.268, 0.2779, 0.2816, 0.2892, 0.2825, 0.2889, 0.2934, 0.297, 0.2926, 0.2983, 0.3014, 0.3, 0.3089, 0.3044, 0.3012, 0.3078, 0.3117, 0.3073, 0.3099, 0.3108, 0.3149, 0.3162, 0.3102, 0.3134, 0.309, 0.3169, 0.3117, 0.3101, 0.3112, 0.317, 0.314, 0.3115], "size": [50000, 50000, 50000, 50000, 49807, 49807, 49807, 49807, 49807, 49803, 49803, 49803, 49803, 49803, 49803, 49803, 49803, 49803, 49803, 49803, 49803, 49803, 49803, 49803, 49803, 49803, 49803, 49803, 49803, 49803, 49803, 49803, 49803, 49803, 49803, 49803, 49803, 49803, 49803, 49803]}, "0.3-0.7": {"time": [10.490626335144043, 9.792394638061523, 9.734739065170288, 9.736247062683105, 10.24498200416565, 10.085857391357422, 10.732244491577148, 10.406347513198853, 9.752087116241455, 10.238829135894775, 10.200201988220215, 10.184406757354736, 10.063860416412354, 10.345634460449219, 10.738383531570435, 10.15634799003601, 9.965967655181885, 10.17570185661316, 9.930269718170166, 10.45213532447815, 10.06465482711792, 9.15626311302185, 9.27917194366455, 9.258455991744995, 10.025211572647095, 9.302060842514038, 9.132254838943481, 9.219245195388794, 9.465563535690308, 9.868247509002686, 9.250305414199829, 9.305206298828125, 9.26057744026184, 9.438154697418213, 9.784424543380737, 8.813663005828857, 8.936854600906372, 9.001093864440918, 9.071527242660522, 9.404751539230347], "accuracy": [0.1188, 0.1779, 0.2003, 0.2237, 0.2394, 0.2536, 0.265, 0.271, 0.2789, 0.2907, 0.2935, 0.2894, 0.2962, 0.2847, 0.2905, 0.3028, 0.3044, 0.3017, 0.3054, 0.3056, 0.304, 0.3069, 0.307, 0.3122, 0.3124, 0.3094, 0.3122, 0.3131, 0.3109, 0.3111, 0.3067, 0.3099, 0.303, 0.3062, 0.3075, 0.3159, 0.3022, 0.3017, 0.3052, 0.3034], "size": [50000, 50000, 50000, 50000, 49843, 49843, 49843, 49843, 49843, 49803, 49803, 49803, 49803, 49803, 49800, 49800, 49800, 49800, 49800, 49799, 49799, 49799, 49799, 49799, 49798, 49798, 49798, 49798, 49798, 49798, 49798, 49798, 49798, 49798, 49798, 49798, 49798, 49798, 49798, 49798]}}